{
	"info": {
		"_postman_id": "7ee38247-7d2d-43b9-ad0e-a1a83db7e5f8",
		"name": "Covid tracker",
		"schema": "https://schema.getpostman.com/json/collection/v2.1.0/collection.json"
	},
	"item": [
		{
			"name": "Get summary",
			"request": {
				"method": "GET",
				"header": [],
				"url": {
					"raw": "{{host}}/api/v1/summary/latest",
					"host": [
						"{{host}}"
					],
					"path": [
						"api",
						"v1",
						"summary",
						"latest"
					]
				}
			},
			"response": []
		}
	],
	"protocolProfileBehavior": {}
}